,number,state,value,datetime_start,datetime_complete,params,params,params,params,params,params,params,params,params,user_attrs,user_attrs,user_attrs,user_attrs,user_attrs,user_attrs,user_attrs,user_attrs,user_attrs,user_attrs,user_attrs,user_attrs,system_attrs,system_attrs
,,,,,,extra_porc,inc_filter,input_factor,learning_rate,loss_string,max_pool_layers,replace_max_pool_with_stride,st_filter,stack_layers,0_IOU,0_precision,0_recall,1_IOU,1_precision,1_recall,eval_time_bs10,global_IOU,global_loss_test,global_precision,global_recall,out_path,_number,fail_reason
0,0,TrialState.COMPLETE,0.04779607010090282,2019-10-12 13:38:30.659048,2019-10-12 13:45:03.839766,3,30.0,0.5,0.001,mse,False,False,50.0,3,0.011872576718669267,0.026196928635953028,0.8787878787878788,0.009254562739460822,0.022068965517241378,0.8888888888888888,0.19853806495666504,0.010836517693054572,0.083605095744133,0.024563318777292575,0.8823529411764706,clf_images/saved_models/clf_enemy/12_Oct_2019__13_44_48,0,
1,1,TrialState.COMPLETE,0.005042016806722689,2019-10-12 13:45:04.001188,2019-10-12 13:46:01.177330,2,40.0,0.25,0.001,mse,True,False,30.0,3,0.016517775969920594,0.007407407407407408,0.1,0.005329297554736725,0.0,0.0,0.018753210703531902,0.009297190512836081,0.15506930649280548,0.002626970227670753,0.0625,clf_images/saved_models/clf_enemy/12_Oct_2019__13_45_45,1,
2,2,TrialState.COMPLETE,0.04574780058651026,2019-10-12 13:46:01.573302,2019-10-12 13:55:31.256507,2,50.0,0.5,0.0001,cross_entropy,False,True,50.0,3,0.011609872949985374,0.027055150884495317,0.7878787878787878,0.008474512844237938,0.01875901875901876,0.7222222222222222,0.2293571631113688,0.010296206351869912,0.41336455941200256,0.02357920193470375,0.7647058823529411,clf_images/saved_models/clf_enemy/12_Oct_2019__13_55_13,2,
3,3,TrialState.COMPLETE,0.04152637485970819,2019-10-12 13:55:31.649106,2019-10-12 14:03:50.695635,2,50.0,0.5,0.0001,cross_entropy,False,False,40.0,3,0.010343334544861587,0.02359882005899705,0.7272727272727273,0.008919102315546315,0.018207282913165267,0.7222222222222222,0.2497551441192627,0.009755869604520108,0.4226595163345337,0.021374927787406125,0.7254901960784313,clf_images/saved_models/clf_enemy/12_Oct_2019__14_03_33,3,
4,4,TrialState.RUNNING,,2019-10-12 14:03:50.873894,,4,50.0,0.25,,,False,,40.0,2,,,,,,,,,,,,,4,
5,5,TrialState.COMPLETE,0.08536585365853658,2019-10-12 18:10:08.607936,2019-10-12 18:12:13.690677,2,50.0,0.25,0.0001,mse,False,False,40.0,2,0.02720041165495826,0.06281407035175879,0.7575757575757576,0.014955725925792893,0.026954177897574125,0.5555555555555556,0.04694008827209473,0.021293027512539076,0.14346745610237122,0.045513654096228866,0.6862745098039216,clf_images/saved_models/clf_enemy/12_Oct_2019__18_11_58,5,
6,6,TrialState.COMPLETE,0.12290502793296089,2019-10-12 18:12:13.955639,2019-10-12 18:14:41.232952,3,40.0,0.25,0.0001,cross_entropy,False,True,50.0,3,0.03144362060012506,0.0634441087613293,0.6363636363636364,0.03751681203974173,0.07741935483870968,0.6666666666666666,0.09234817822774251,0.03338054379588758,0.3301595449447632,0.06790123456790123,0.6470588235294118,clf_images/saved_models/clf_enemy/12_Oct_2019__18_14_27,6,
7,7,TrialState.FAIL,,2019-10-12 18:14:41.504278,2019-10-12 18:15:10.463260,1,50.0,0.5,0.001,cross_entropy,False,False,40.0,4,,,,,,,,,,,,,7,Setting status of trial#7 as TrialState.FAIL because of the following error: ResourceExhaustedError()
8,8,TrialState.COMPLETE,0.040987424312994875,2019-10-12 18:15:11.321406,2019-10-12 18:18:53.126658,4,40.0,0.5,0.001,cross_entropy,False,True,40.0,2,0.008647152786203803,0.019189765458422176,0.8181818181818182,0.010065206531812011,0.02467343976777939,0.9444444444444444,0.10904502868652344,0.009113297361930927,0.3163785934448242,0.02099236641221374,0.8627450980392157,clf_images/saved_models/clf_enemy/12_Oct_2019__18_18_35,8,
9,9,TrialState.COMPLETE,0.01661129568106312,2019-10-12 18:18:53.390094,2019-10-12 18:20:41.193703,2,40.0,0.5,0.0001,cross_entropy,False,False,30.0,1,0.010503637470255615,0.013089005235602094,0.30303030303030304,0.007120630455753718,0.0,0.0,0.04491925239562988,0.009362276040384636,0.5940134525299072,0.008673026886383347,0.19607843137254902,clf_images/saved_models/clf_enemy/12_Oct_2019__18_20_27,9,
10,10,TrialState.COMPLETE,0.050505050505050504,2019-10-12 18:20:41.480183,2019-10-12 18:21:32.758857,2,50.0,0.25,0.001,cross_entropy,False,True,30.0,1,0.017802843957264846,0.03940886699507389,0.7272727272727273,0.007655583014808015,0.015151515151515152,0.6111111111111112,0.016359488169352215,0.012284558231254614,0.43706780672073364,0.026217228464419477,0.6862745098039216,clf_images/saved_models/clf_enemy/12_Oct_2019__18_21_18,10,
11,11,TrialState.COMPLETE,0.09736842105263159,2019-10-12 18:21:33.029718,2019-10-12 18:25:18.406784,2,50.0,0.25,0.0001,cross_entropy,False,True,30.0,4,0.025564256341370058,0.054945054945054944,0.7575757575757576,0.023759500445421026,0.047244094488188976,0.6666666666666666,0.13155857721964517,0.024917700632525134,0.36417722702026367,0.05218617771509168,0.7254901960784313,clf_images/saved_models/clf_enemy/12_Oct_2019__18_25_03,11,
12,12,TrialState.COMPLETE,0.0,2019-10-12 18:25:18.678716,2019-10-12 18:41:44.305463,1,30.0,0.25,0.001,mse,True,False,30.0,4,0.04169072419391639,0.0,0.0,0.03175572022463043,0.0,0.0,0.015553156534830729,0.03672322220927341,0.06872345507144928,0.0,0.0,clf_images/saved_models/clf_enemy/12_Oct_2019__18_40_34,12,
13,13,TrialState.COMPLETE,0.0,2019-10-12 18:41:44.588787,2019-10-12 18:58:04.430208,1,30.0,0.25,0.001,mse,True,False,30.0,4,0.04169072419391639,0.0,0.0,0.03175572022463043,0.0,0.0,0.00996700922648112,0.03672322220927341,0.06872345507144928,0.0,0.0,clf_images/saved_models/clf_enemy/12_Oct_2019__18_56_55,13,
14,14,TrialState.COMPLETE,0.0,2019-10-12 18:58:04.708464,2019-10-12 19:14:32.733168,1,50.0,0.25,0.001,mse,True,False,30.0,4,0.04169072419391639,0.0,0.0,0.03175572022463043,0.0,0.0,0.01928853988647461,0.03672322220927341,0.06872345507144928,0.0,0.0,clf_images/saved_models/clf_enemy/12_Oct_2019__19_13_22,14,
15,15,TrialState.COMPLETE,0.0,2019-10-12 19:14:33.014606,2019-10-12 19:31:26.168801,1,50.0,0.25,0.001,mse,True,False,30.0,4,0.04169072419391639,0.0,0.0,0.03175572022463043,0.0,0.0,0.01050551732381185,0.03672322220927341,0.06872345507144928,0.0,0.0,clf_images/saved_models/clf_enemy/12_Oct_2019__19_30_15,15,
16,16,TrialState.COMPLETE,0.0,2019-10-12 19:31:26.462522,2019-10-12 19:47:53.490244,1,50.0,0.25,0.001,mse,True,False,30.0,4,0.04169072419391639,0.0,0.0,0.03175572022463043,0.0,0.0,0.01041865348815918,0.03672322220927341,0.06872345507144928,0.0,0.0,clf_images/saved_models/clf_enemy/12_Oct_2019__19_46_43,16,
17,17,TrialState.COMPLETE,0.0,2019-10-12 19:47:53.787933,2019-10-12 20:04:22.801403,1,50.0,0.25,0.001,mse,True,False,40.0,4,0.04169072419391639,0.0,0.0,0.03175572022463043,0.0,0.0,0.02113652229309082,0.03672322220927341,0.06872345507144928,0.0,0.0,clf_images/saved_models/clf_enemy/12_Oct_2019__20_03_11,17,
18,18,TrialState.RUNNING,,2019-10-12 20:04:23.080722,,1,50.0,0.25,0.001,mse,True,False,30.0,4,,,,,,,,,,,,,18,
19,19,TrialState.FAIL,,2019-10-12 20:15:00.926647,2019-10-12 20:15:04.637523,1,50.0,0.25,0.001,,True,,30.0,3,,,,,,,,,,,,,19,"Setting status of trial#19 as TrialState.FAIL because of the following error: IndexError('tuple index out of range',)"
20,20,TrialState.FAIL,,2019-10-12 20:15:04.765694,2019-10-12 20:15:07.571818,1,50.0,0.25,0.001,,True,,30.0,3,,,,,,,,,,,,,20,"Setting status of trial#20 as TrialState.FAIL because of the following error: IndexError('tuple index out of range',)"
21,21,TrialState.RUNNING,,2019-10-12 20:15:07.698933,,1,50.0,,,,True,,30.0,3,,,,,,,,,,,,,21,
22,22,TrialState.COMPLETE,0.02395209580838323,2019-10-12 20:16:23.063438,2019-10-12 20:17:28.999380,1,50.0,0.25,0.001,,True,False,30.0,3,0.018944625308669916,0.024657534246575342,0.3,0.009092973873468921,0.002369668246445498,0.05555555555555555,0.019389867782592773,0.013662037118511315,0.5985594987869263,0.012706480304955527,0.20833333333333334,clf_images/saved_models/clf_enemy/12_Oct_2019__20_17_10,22,
23,23,TrialState.COMPLETE,0.06524184476940383,2019-10-12 20:17:29.457044,2019-10-12 20:18:20.061322,1,30.0,0.25,0.001,,True,False,30.0,2,0.018215040927187457,0.037549407114624504,0.5757575757575758,0.01594375999568067,0.030120481927710843,0.5555555555555556,0.011843125025431315,0.017315201703726534,0.3987791836261749,0.034606205250596656,0.5686274509803921,clf_images/saved_models/clf_enemy/12_Oct_2019__20_18_03,23,
24,24,TrialState.COMPLETE,0.15168539325842695,2019-10-12 20:18:20.792229,2019-10-12 20:19:07.309937,4,30.0,0.25,0.001,,True,False,30.0,1,0.054437379557496654,0.11666666666666667,0.6363636363636364,0.03674714516270536,0.048,0.3333333333333333,0.00869599978129069,0.0471872834940576,0.3452969193458557,0.08852459016393442,0.5294117647058824,clf_images/saved_models/clf_enemy/12_Oct_2019__20_18_53,24,
25,25,TrialState.COMPLETE,0.005934718100890207,2019-10-12 20:19:07.768042,2019-10-12 20:20:04.839615,3,30.0,0.25,0.001,,True,False,30.0,3,0.019352432797665364,0.007633587786259542,0.06666666666666667,0.007967057381325072,0.0,0.0,0.011294285456339518,0.01273218255557612,0.37125712633132935,0.003194888178913738,0.041666666666666664,clf_images/saved_models/clf_enemy/12_Oct_2019__20_19_50,25,
26,26,TrialState.COMPLETE,0.07875894988066824,2019-10-12 20:20:05.290633,2019-10-12 20:20:59.566773,1,30.0,0.25,0.001,,True,False,30.0,2,0.021892085579583585,0.042105263157894736,0.6060606060606061,0.017934172841415436,0.041666666666666664,0.7222222222222222,0.008476018905639648,0.02032300200358808,0.38150811195373535,0.04193138500635324,0.6470588235294118,clf_images/saved_models/clf_enemy/12_Oct_2019__20_20_44,26,
27,27,TrialState.COMPLETE,0.027027027027027025,2019-10-12 20:21:00.208667,2019-10-12 20:22:04.754073,1,30.0,0.25,0.001,,True,False,30.0,3,0.020431739061881934,0.01675977653631285,0.2,0.010117842324318798,0.012448132780082987,0.3333333333333333,0.009329636891682943,0.014513526886280229,0.5243531465530396,0.014285714285714285,0.25,clf_images/saved_models/clf_enemy/12_Oct_2019__20_21_43,27,
28,28,TrialState.COMPLETE,0.023483365949119372,2019-10-12 20:22:05.217172,2019-10-12 20:23:12.325770,1,30.0,0.25,0.001,,True,False,30.0,3,0.017398049887560538,0.018433179723502304,0.26666666666666666,0.007823112678442145,0.007407407407407408,0.2222222222222222,0.009161074956258139,0.012089563139178677,0.7673075795173645,0.012320328542094456,0.25,clf_images/saved_models/clf_enemy/12_Oct_2019__20_22_48,28,
29,29,TrialState.COMPLETE,0.023529411764705882,2019-10-12 20:23:12.722162,2019-10-12 20:24:12.120373,1,30.0,0.25,0.001,,True,False,30.0,3,0.01862043942912241,0.020253164556962026,0.26666666666666666,0.011613303449616122,0.004914004914004914,0.1111111111111111,0.009468475977579752,0.015064448975682185,0.5908897519111633,0.012468827930174564,0.20833333333333334,clf_images/saved_models/clf_enemy/12_Oct_2019__20_23_53,29,
30,30,TrialState.COMPLETE,0.010775862068965518,2019-10-12 20:24:14.080591,2019-10-12 20:25:14.597762,1,30.0,0.25,0.001,,True,False,30.0,3,0.02310051525037916,0.012779552715654952,0.13333333333333333,0.006936642832598167,0.001763668430335097,0.05555555555555555,0.009448607762654623,0.012685838363013452,0.6087074279785156,0.005681818181818182,0.10416666666666667,clf_images/saved_models/clf_enemy/12_Oct_2019__20_24_55,30,
31,31,TrialState.COMPLETE,0.07780979827089338,2019-10-12 20:25:15.002420,2019-10-12 20:26:04.096691,1,30.0,0.25,0.001,,True,False,30.0,1,0.031034818493243202,0.05964912280701754,0.5151515151515151,0.015062526039051371,0.027932960893854747,0.5555555555555556,0.007418473561604817,0.022142002476756927,0.4653080105781555,0.041990668740279936,0.5294117647058824,clf_images/saved_models/clf_enemy/12_Oct_2019__20_25_49,31,
32,32,TrialState.COMPLETE,0.036855036855036855,2019-10-12 20:26:04.554972,2019-10-12 20:27:13.176022,1,30.0,0.25,0.001,,True,False,50.0,3,0.022287422635996017,0.023391812865497075,0.26666666666666666,0.010889803516456945,0.01650943396226415,0.3888888888888889,0.021181106567382812,0.015978557744762905,0.5608869194984436,0.0195822454308094,0.3125,clf_images/saved_models/clf_enemy/12_Oct_2019__20_26_54,32,
33,33,TrialState.COMPLETE,0.12020033388981635,2019-10-12 20:27:13.652216,2019-10-12 20:28:07.852135,2,30.0,0.25,0.001,,True,False,30.0,2,0.02880690836873942,0.06199460916442048,0.696969696969697,0.03214748936370128,0.07344632768361582,0.7222222222222222,0.008642832438151041,0.02988589164630922,0.30345916748046875,0.06569343065693431,0.7058823529411765,clf_images/saved_models/clf_enemy/12_Oct_2019__20_27_53,33,
34,34,TrialState.COMPLETE,0.014184397163120569,2019-10-12 20:28:08.822824,2019-10-12 20:29:15.534017,1,30.0,0.25,0.001,,True,False,30.0,3,0.01590485725502671,0.01084010840108401,0.13333333333333333,0.007931066038370438,0.005263157894736842,0.16666666666666666,0.00944979985555013,0.01106453670817466,0.6208232045173645,0.007454739084132056,0.14583333333333334,clf_images/saved_models/clf_enemy/12_Oct_2019__20_28_53,34,
35,35,TrialState.COMPLETE,0.1619047619047619,2019-10-12 20:29:16.097764,2019-10-12 20:30:50.416408,3,30.0,0.5,0.001,,True,False,30.0,3,0.03916922501927917,0.084,0.6363636363636364,0.0473810694478809,0.1092436974789916,0.7222222222222222,0.04623492558797201,0.041817489211700865,0.25317078828811646,0.0921409214092141,0.6666666666666666,clf_images/saved_models/clf_enemy/12_Oct_2019__20_30_37,35,
36,36,TrialState.COMPLETE,0.009615384615384614,2019-10-12 20:30:51.216545,2019-10-12 20:31:47.677118,2,30.0,0.25,0.001,,True,False,30.0,3,0.02631990929548347,0.013215859030837005,0.1,0.006750304053695151,0.0017953321364452424,0.05555555555555555,0.009565591812133789,0.012416503530590492,0.45731350779533386,0.00510204081632653,0.08333333333333333,clf_images/saved_models/clf_enemy/12_Oct_2019__20_31_33,36,
37,37,TrialState.COMPLETE,0.034383954154727794,2019-10-12 20:31:48.175289,2019-10-12 20:32:59.397034,1,30.0,0.25,0.001,,True,False,50.0,3,0.027307231580100417,0.03319502074688797,0.26666666666666666,0.010132760296303592,0.009779951100244499,0.2222222222222222,0.010357379913330078,0.016500525803065182,0.5989028215408325,0.018461538461538463,0.25,clf_images/saved_models/clf_enemy/12_Oct_2019__20_32_37,37,
38,38,TrialState.COMPLETE,0.022018348623853212,2019-10-12 20:32:59.806547,2019-10-12 20:34:08.908158,1,30.0,0.25,0.001,,True,False,50.0,3,0.015899966276665633,0.015021459227467811,0.23333333333333334,0.008108105721978376,0.008680555555555556,0.2777777777777778,0.010473330815633139,0.011592757371195516,0.566830575466156,0.011516314779270634,0.25,clf_images/saved_models/clf_enemy/12_Oct_2019__20_33_48,38,
39,39,TrialState.COMPLETE,0.01553829078801332,2019-10-12 20:34:09.761681,2019-10-12 20:35:19.632349,1,30.0,0.25,0.001,,True,False,50.0,3,0.018467270138852243,0.012658227848101266,0.16666666666666666,0.008852959761897457,0.004366812227074236,0.1111111111111111,0.010399341583251953,0.013305073007966788,0.6700388193130493,0.008206330597889801,0.14583333333333334,clf_images/saved_models/clf_enemy/12_Oct_2019__20_34_58,39,
40,40,TrialState.COMPLETE,0.01824401368301026,2019-10-12 20:35:20.101148,2019-10-12 20:36:22.723543,1,30.0,0.25,0.001,,True,False,50.0,3,0.02056226906592676,0.017241379310344827,0.2,0.008916140309793345,0.004158004158004158,0.1111111111111111,0.010440905888875326,0.013804985674249832,0.5710442066192627,0.009650180940892641,0.16666666666666666,clf_images/saved_models/clf_enemy/12_Oct_2019__20_36_04,40,
41,41,TrialState.COMPLETE,0.09915014164305949,2019-10-12 20:36:23.203720,2019-10-12 20:37:19.440565,2,30.0,0.25,0.001,,True,False,50.0,2,0.023751391882895007,0.053613053613053616,0.696969696969697,0.02466374167220412,0.05309734513274336,0.6666666666666666,0.010334412256876627,0.024066187382717697,0.2972126007080078,0.05343511450381679,0.6862745098039216,clf_images/saved_models/clf_enemy/12_Oct_2019__20_37_04,41,
42,42,TrialState.COMPLETE,0.1099236641221374,2019-10-12 20:37:20.094402,2019-10-12 20:39:29.840752,2,30.0,0.5,0.001,,True,False,50.0,3,0.026577268051225778,0.058394160583941604,0.7272727272727273,0.029138492470863496,0.06217616580310881,0.6666666666666666,0.06589333216349284,0.027395672542931206,0.3108751177787781,0.059602649006622516,0.7058823529411765,clf_images/saved_models/clf_enemy/12_Oct_2019__20_39_16,42,
43,43,TrialState.COMPLETE,0.07575757575757576,2019-10-12 20:39:30.464063,2019-10-12 20:40:31.892526,1,30.0,0.25,0.0001,,True,True,50.0,1,0.03199703008553921,0.06172839506172839,0.45454545454545453,0.013987818918761009,0.0273224043715847,0.5555555555555556,0.014607588450113932,0.02117376032028334,0.4830872416496277,0.041050903119868636,0.49019607843137253,clf_images/saved_models/clf_enemy/12_Oct_2019__20_40_15,43,
44,44,TrialState.COMPLETE,0.020964360587002098,2019-10-12 20:40:32.308369,2019-10-12 20:41:38.434188,1,30.0,0.25,0.001,,True,False,50.0,3,0.01955788647313273,0.015748031496062992,0.2,0.008934634994308984,0.007619047619047619,0.2222222222222222,0.0104827880859375,0.013402028828118967,0.5645339488983154,0.011037527593818985,0.20833333333333334,clf_images/saved_models/clf_enemy/12_Oct_2019__20_41_18,44,
45,45,TrialState.COMPLETE,0.1263482280431433,2019-10-12 20:41:38.823020,2019-10-12 20:43:42.774166,2,30.0,0.5,0.001,,True,False,50.0,2,0.028718213310778885,0.06313131313131314,0.7575757575757576,0.03249882298981579,0.07920792079207921,0.8888888888888888,0.02653670310974121,0.02999527544316259,0.33085983991622925,0.06856187290969899,0.803921568627451,clf_images/saved_models/clf_enemy/12_Oct_2019__20_43_28,45,
46,46,TrialState.COMPLETE,0.022662889518413595,2019-10-12 20:43:43.286318,2019-10-12 20:45:04.755160,2,30.0,0.25,0.0001,,True,True,50.0,3,0.02449719557959019,0.01764705882352941,0.1935483870967742,0.007340968087134669,0.008955223880597015,0.3333333333333333,0.019913991292317707,0.01311633179746623,0.3758086562156677,0.011881188118811881,0.24489795918367346,clf_images/saved_models/clf_enemy/12_Oct_2019__20_44_44,46,
47,47,TrialState.COMPLETE,0.02077431539187913,2019-10-12 20:45:05.209060,2019-10-12 20:46:14.544236,1,40.0,0.25,0.001,,True,False,50.0,3,0.014861599690742007,0.014925373134328358,0.23333333333333334,0.008302307030748971,0.007380073800738007,0.2222222222222222,0.020247220993041992,0.01134514408073585,0.6579751372337341,0.010880316518298714,0.22916666666666666,clf_images/saved_models/clf_enemy/12_Oct_2019__20_45_52,47,
48,48,TrialState.COMPLETE,0.07703281027104138,2019-10-12 20:46:14.989398,2019-10-12 20:47:10.538992,1,40.0,0.25,0.001,,True,False,50.0,1,0.027855461545984055,0.05194805194805195,0.48484848484848486,0.015641946918603,0.03216374269005848,0.6111111111111112,0.008170684178670248,0.021429273849731253,0.4592973291873932,0.04153846153846154,0.5294117647058824,clf_images/saved_models/clf_enemy/12_Oct_2019__20_46_55,48,
49,49,TrialState.COMPLETE,0.039414414414414414,2019-10-12 20:47:10.996331,2019-10-12 20:49:11.306690,1,30.0,0.25,0.001,,False,False,50.0,3,0.013082520396541135,0.027090694935217905,0.696969696969697,0.006087422637548798,0.0136986301369863,0.6666666666666666,0.048962036768595375,0.009530227273713724,0.3622503876686096,0.020289855072463767,0.6862745098039216,clf_images/saved_models/clf_enemy/12_Oct_2019__20_48_55,49,
50,50,TrialState.COMPLETE,0.09453471196454948,2019-10-12 20:49:11.734208,2019-10-12 20:50:09.664262,1,30.0,0.25,0.001,,True,False,50.0,2,0.027912374521456226,0.058355437665782495,0.6666666666666666,0.020929619303768333,0.040160642570281124,0.5555555555555556,0.009519259134928385,0.025134888819851934,0.38239753246307373,0.051118210862619806,0.6274509803921569,clf_images/saved_models/clf_enemy/12_Oct_2019__20_49_55,50,
51,51,TrialState.COMPLETE,0.018306636155606407,2019-10-12 20:50:10.100170,2019-10-12 20:51:17.854874,1,30.0,0.25,0.001,,True,False,50.0,3,0.020904101312336013,0.01791044776119403,0.2,0.008169406976677217,0.004073319755600814,0.1111111111111111,0.010138193766276041,0.013334204316199852,0.5918213129043579,0.009685230024213076,0.16666666666666666,clf_images/saved_models/clf_enemy/12_Oct_2019__20_50_58,51,
52,52,TrialState.COMPLETE,0.21893491124260356,2019-10-12 20:51:18.689956,2019-10-12 20:52:09.826229,4,30.0,0.25,0.001,,True,False,50.0,1,0.05798523005127333,0.13559322033898305,0.7272727272727273,0.052958948178450295,0.11818181818181818,0.7222222222222222,0.008054256439208984,0.05605878055297879,0.3124873638153076,0.1289198606271777,0.7254901960784313,clf_images/saved_models/clf_enemy/12_Oct_2019__20_51_58,52,
53,53,TrialState.COMPLETE,0.06005459508644221,2019-10-12 20:52:10.290447,2019-10-12 20:54:15.966516,1,30.0,0.25,0.0001,,False,True,50.0,3,0.01976485011330408,0.03992015968063872,0.6060606060606061,0.010967120201243474,0.02376599634369287,0.7222222222222222,0.020335833231608074,0.015172905206913669,0.4108901023864746,0.03148854961832061,0.6470588235294118,clf_images/saved_models/clf_enemy/12_Oct_2019__20_53_58,53,
54,54,TrialState.COMPLETE,0.07537012113055182,2019-10-12 20:54:16.453684,2019-10-12 20:56:30.193929,1,30.0,0.5,0.001,,True,False,50.0,3,0.027635553779154578,0.05309734513274336,0.5454545454545454,0.014926431964654381,0.028328611898016998,0.5555555555555556,0.02543489138285319,0.021152432391121963,0.3880173861980438,0.04046242774566474,0.5490196078431373,clf_images/saved_models/clf_enemy/12_Oct_2019__20_56_12,54,
55,55,TrialState.COMPLETE,0.10490693739424703,2019-10-12 20:56:30.801110,2019-10-12 20:57:26.984332,2,30.0,0.25,0.001,,True,False,50.0,2,0.02688352352119167,0.05483028720626632,0.6363636363636364,0.03298842672030776,0.06369426751592357,0.5555555555555556,0.009500344594319662,0.0286584675994532,0.28948622941970825,0.05740740740740741,0.6078431372549019,clf_images/saved_models/clf_enemy/12_Oct_2019__20_57_13,55,
56,56,TrialState.COMPLETE,0.014644351464435146,2019-10-12 20:57:27.693258,2019-10-12 20:58:40.460331,1,40.0,0.25,0.001,,True,False,50.0,3,0.014892698851834288,0.013953488372093023,0.2,0.0082302332557548,0.0020920502092050207,0.05555555555555555,0.010207176208496094,0.01138536564156337,0.6356027722358704,0.007709251101321586,0.14583333333333334,clf_images/saved_models/clf_enemy/12_Oct_2019__20_58_17,56,
57,57,TrialState.COMPLETE,0.07216494845360825,2019-10-12 20:58:40.916029,2019-10-12 20:59:33.754578,1,30.0,0.25,0.001,,True,False,50.0,1,0.02779218608096346,0.05379746835443038,0.5151515151515151,0.013963819703140423,0.02689486552567237,0.6111111111111112,0.008199850718180338,0.019991080082991566,0.4587363600730896,0.038620689655172416,0.5490196078431373,clf_images/saved_models/clf_enemy/12_Oct_2019__20_59_19,57,
58,58,TrialState.COMPLETE,0.08458390177353342,2019-10-12 20:59:34.217326,2019-10-12 21:00:33.817082,1,30.0,0.25,0.001,,True,False,50.0,2,0.02063946485512277,0.043478260869565216,0.6060606060606061,0.025533580040066544,0.04954954954954955,0.6111111111111112,0.00957330067952474,0.022232563932919717,0.37338778376579285,0.045454545454545456,0.6078431372549019,clf_images/saved_models/clf_enemy/12_Oct_2019__21_00_18,58,
59,59,TrialState.COMPLETE,0.025945945945945945,2019-10-12 21:00:34.307963,2019-10-12 21:01:42.464379,1,40.0,0.25,0.001,,True,False,50.0,3,0.019056244835698396,0.02195121951219512,0.3,0.00968766055457242,0.006423982869379015,0.16666666666666666,0.010451952616373697,0.01406750041233941,0.5313636064529419,0.013683010262257697,0.25,clf_images/saved_models/clf_enemy/12_Oct_2019__21_01_23,59,
60,60,TrialState.COMPLETE,0.015086206896551721,2019-10-12 21:01:42.938663,2019-10-12 21:02:48.613982,1,40.0,0.25,0.001,,True,False,50.0,3,0.016621141534904193,0.007177033492822967,0.1,0.009393771028371687,0.008658008658008658,0.2222222222222222,0.010706027348836264,0.012826772018974628,0.5513446927070618,0.007954545454545454,0.14583333333333334,clf_images/saved_models/clf_enemy/12_Oct_2019__21_02_29,60,
61,61,TrialState.COMPLETE,0.01824401368301026,2019-10-12 21:02:49.081340,2019-10-12 21:03:55.807449,1,40.0,0.25,0.001,,True,False,50.0,3,0.01605407271418214,0.01580135440180587,0.23333333333333334,0.011945831921059635,0.0025906735751295338,0.05555555555555555,0.01045552889506022,0.014141188581316895,0.5480908155441284,0.009650180940892641,0.16666666666666666,clf_images/saved_models/clf_enemy/12_Oct_2019__21_03_34,61,
62,62,TrialState.COMPLETE,0.013536379018612519,2019-10-12 21:03:56.286246,2019-10-12 21:05:03.875919,1,40.0,0.25,0.001,,True,False,50.0,3,0.012429467379873488,0.010889292196007259,0.2,0.00732281585149057,0.003430531732418525,0.1111111111111111,0.010474920272827148,0.009804090094999376,0.6166927218437195,0.007054673721340388,0.16666666666666666,clf_images/saved_models/clf_enemy/12_Oct_2019__21_04_45,62,
63,63,TrialState.COMPLETE,0.033623188405797096,2019-10-12 21:05:04.368689,2019-10-12 21:06:32.197123,1,40.0,0.25,0.001,,False,False,50.0,2,0.012954103060902014,0.02481389578163772,0.6060606060606061,0.0056551295755125665,0.010368663594470046,0.5,0.047618865966796875,0.00916945014255193,0.3817770481109619,0.017323775388291517,0.5686274509803921,clf_images/saved_models/clf_enemy/12_Oct_2019__21_06_16,63,
64,64,TrialState.COMPLETE,0.02699896157840083,2019-10-12 21:06:32.671507,2019-10-12 21:07:37.913038,1,40.0,0.25,0.001,,True,False,50.0,3,0.021227104088567074,0.023323615160349854,0.26666666666666666,0.00911667478596695,0.008741258741258742,0.2777777777777778,0.010694106419881185,0.0136564313442094,0.5455396771430969,0.014207650273224045,0.2708333333333333,clf_images/saved_models/clf_enemy/12_Oct_2019__21_07_19,64,
65,65,TrialState.COMPLETE,0.15810276679841898,2019-10-12 21:07:38.430162,2019-10-12 21:08:30.574899,2,40.0,0.25,0.001,,True,False,50.0,1,0.034396096253758876,0.07570977917981073,0.7272727272727273,0.04457720159783596,0.11594202898550725,0.8888888888888888,0.008774916330973307,0.0374839919405339,0.40068697929382324,0.08791208791208792,0.7843137254901961,clf_images/saved_models/clf_enemy/12_Oct_2019__21_08_16,65,
66,66,TrialState.COMPLETE,0.0147329650092081,2019-10-12 21:08:31.139862,2019-10-12 21:10:01.421478,1,40.0,0.25,0.0001,,True,True,50.0,3,0.02385439660850799,0.010273972602739725,0.0967741935483871,0.006212496659502808,0.0049504950495049506,0.05555555555555555,0.022336244583129883,0.016640502297376313,0.4644828140735626,0.008097165991902834,0.08163265306122448,clf_images/saved_models/clf_enemy/12_Oct_2019__21_09_30,66,
67,67,TrialState.RUNNING,,2019-10-12 21:10:01.905178,,3,50.0,0.25,0.001,,True,False,50.0,2,,,,,,,,,,,,,67,
68,68,TrialState.COMPLETE,0.11073825503355705,2019-10-12 23:13:04.356379,2019-10-12 23:15:14.371153,3,50.0,0.25,0.001,,True,False,50.0,2,0.02491060508810452,0.05459057071960298,0.6666666666666666,0.03832345898240863,0.07746478873239436,0.6111111111111112,0.024563153584798176,0.028405330322950725,0.2734151780605316,0.060550458715596334,0.6470588235294118,clf_images/saved_models/clf_enemy/12_Oct_2019__23_14_59,68,
69,69,TrialState.COMPLETE,0.12302839116719243,2019-10-12 23:15:14.945368,2019-10-12 23:16:15.344552,3,40.0,0.25,0.001,,True,False,50.0,2,0.023836788377090457,0.05555555555555555,0.7575757575757576,0.04173295880656337,0.10526315789473684,0.7777777777777778,0.01612091064453125,0.02791944818347107,0.27997857332229614,0.06689536878216124,0.7647058823529411,clf_images/saved_models/clf_enemy/12_Oct_2019__23_15_59,69,
70,70,TrialState.COMPLETE,0.00718562874251497,2019-10-12 23:16:16.115032,2019-10-12 23:17:22.850209,2,40.0,0.25,0.001,,True,False,50.0,3,0.023669567001235195,0.004048582995951417,0.03333333333333333,0.007664310390866463,0.003703703703703704,0.1111111111111111,0.01344736417134603,0.012687561194883077,0.4459262788295746,0.0038119440914866584,0.0625,clf_images/saved_models/clf_enemy/12_Oct_2019__23_17_05,70,
71,71,TrialState.COMPLETE,0.016210739614994935,2019-10-12 23:17:23.359163,2019-10-12 23:18:32.397776,1,40.0,0.25,0.001,,True,False,50.0,3,0.015605376012505227,0.013574660633484163,0.2,0.008531341132323862,0.004024144869215292,0.1111111111111111,0.010320425033569336,0.011861185026935324,0.5597791075706482,0.008519701810436636,0.16666666666666666,clf_images/saved_models/clf_enemy/12_Oct_2019__23_18_13,71,
72,72,TrialState.COMPLETE,0.09216589861751152,2019-10-12 23:18:33.012939,2019-10-12 23:19:29.678084,2,40.0,0.25,0.001,,True,False,50.0,2,0.02529247164589022,0.05793450881612091,0.696969696969697,0.026336464625430076,0.034482758620689655,0.3888888888888889,0.009493430455525717,0.02564568927063454,0.28339439630508423,0.05,0.5882352941176471,clf_images/saved_models/clf_enemy/12_Oct_2019__23_19_16,72,
73,73,TrialState.COMPLETE,0.01762114537444934,2019-10-12 23:19:30.230320,2019-10-12 23:20:42.875366,1,40.0,0.25,0.001,,True,False,50.0,3,0.01789861388807838,0.010101010101010102,0.13333333333333333,0.009897156248234557,0.008620689655172414,0.2222222222222222,0.010068019231160482,0.013581548370767294,0.5838419795036316,0.009302325581395349,0.16666666666666666,clf_images/saved_models/clf_enemy/12_Oct_2019__23_20_20,73,
74,74,TrialState.COMPLETE,0.07222222222222222,2019-10-12 23:20:43.398328,2019-10-12 23:22:48.102613,1,40.0,0.5,0.001,,True,False,50.0,3,0.02224733115172724,0.042492917847025496,0.45454545454545453,0.017213594946809872,0.03481012658227848,0.6111111111111112,0.06998149553934734,0.019869662032513658,0.3820931017398834,0.03886397608370702,0.5098039215686274,clf_images/saved_models/clf_enemy/12_Oct_2019__23_22_30,74,
75,75,TrialState.COMPLETE,0.07989347536617844,2019-10-12 23:22:48.680733,2019-10-12 23:23:48.324874,1,40.0,0.25,0.001,,True,False,50.0,2,0.0214034728011199,0.045454545454545456,0.5757575757575758,0.01947745160424221,0.03900709219858156,0.6111111111111112,0.009486913681030273,0.02062756140466346,0.3777022063732147,0.04285714285714286,0.5882352941176471,clf_images/saved_models/clf_enemy/12_Oct_2019__23_23_32,75,
76,76,TrialState.COMPLETE,0.030112923462986198,2019-10-12 23:23:48.849791,2019-10-12 23:24:55.946984,1,40.0,0.25,0.001,,True,False,50.0,3,0.017471266869077122,0.018867924528301886,0.26666666666666666,0.012035981146042943,0.012307692307692308,0.2222222222222222,0.010664065678914389,0.015112831809015563,0.5323105454444885,0.01602136181575434,0.25,clf_images/saved_models/clf_enemy/12_Oct_2019__23_24_36,76,
77,77,TrialState.COMPLETE,0.08592910848549948,2019-10-12 23:24:56.524834,2019-10-12 23:27:15.266803,2,40.0,0.25,0.001,,False,False,50.0,3,0.025934452134284795,0.05627705627705628,0.7878787878787878,0.016082031969852452,0.03349282296650718,0.7777777777777778,0.06573843955993652,0.021254552556179435,0.31480929255485535,0.045454545454545456,0.7843137254901961,clf_images/saved_models/clf_enemy/12_Oct_2019__23_27_01,77,
78,78,TrialState.COMPLETE,0.12720848056537104,2019-10-12 23:27:15.811978,2019-10-12 23:28:09.462228,3,40.0,0.25,0.001,,True,False,50.0,2,0.02713933244879384,0.05994550408719346,0.6666666666666666,0.03766463686807698,0.0945945945945946,0.7777777777777778,0.009366591771443685,0.030164080126568415,0.2921828031539917,0.06990291262135923,0.7058823529411765,clf_images/saved_models/clf_enemy/12_Oct_2019__23_27_57,78,
79,79,TrialState.COMPLETE,0.11047619047619046,2019-10-12 23:28:10.114311,2019-10-12 23:29:07.234878,3,40.0,0.25,0.001,,True,False,50.0,2,0.028026420457464316,0.05730659025787966,0.6060606060606061,0.044085971334571865,0.072,0.5,0.00942699114481608,0.03226153408539352,0.2778305113315582,0.06118143459915612,0.5686274509803921,clf_images/saved_models/clf_enemy/12_Oct_2019__23_28_55,79,
80,80,TrialState.COMPLETE,0.0,2019-10-12 23:29:07.770546,2019-10-12 23:30:04.600472,4,50.0,0.25,0.001,,True,False,50.0,3,0.02362522942173258,0.0,0.0,0.01564620038093224,0.0,0.0,0.015405495961507162,0.020289253954796495,0.2819788157939911,0.0,0.0,clf_images/saved_models/clf_enemy/12_Oct_2019__23_29_52,80,
81,81,TrialState.COMPLETE,0.12933025404157042,2019-10-12 23:30:05.167305,2019-10-12 23:31:02.208193,4,40.0,0.25,0.001,,True,False,50.0,2,0.032085315947013054,0.06825938566552901,0.6060606060606061,0.057236670053709485,0.0898876404494382,0.4444444444444444,0.009501298268636068,0.03794518640642662,0.2420603483915329,0.07329842931937172,0.5490196078431373,clf_images/saved_models/clf_enemy/12_Oct_2019__23_30_51,81,
82,82,TrialState.COMPLETE,0.00816326530612245,2019-10-12 23:31:02.728829,2019-10-12 23:32:01.311134,4,50.0,0.25,0.001,,True,False,50.0,3,0.023321339408610246,0.009345794392523364,0.06666666666666667,0.014112036849122206,0.0,0.0,0.011064608891805014,0.01857083944579741,0.2668444514274597,0.004524886877828055,0.041666666666666664,clf_images/saved_models/clf_enemy/12_Oct_2019__23_31_48,82,
83,83,TrialState.COMPLETE,0.03234501347708895,2019-10-12 23:32:01.895652,2019-10-12 23:33:06.117620,1,40.0,0.25,0.001,,True,False,50.0,3,0.022645829948973833,0.025477707006369428,0.26666666666666666,0.011761892139129268,0.010526315789473684,0.2222222222222222,0.010598103205362955,0.01668632509632119,0.49207448959350586,0.01729106628242075,0.25,clf_images/saved_models/clf_enemy/12_Oct_2019__23_32_48,83,
84,84,TrialState.COMPLETE,0.01937046004842615,2019-10-12 23:33:06.631626,2019-10-12 23:34:14.853862,1,40.0,0.25,0.001,,True,False,50.0,3,0.020681534467336234,0.01098901098901099,0.13333333333333333,0.011492404390667923,0.00966183574879227,0.2222222222222222,0.010574261347452799,0.015791688899546154,0.5412957668304443,0.010282776349614395,0.16666666666666666,clf_images/saved_models/clf_enemy/12_Oct_2019__23_33_53,84,
85,85,TrialState.COMPLETE,0.0745920745920746,2019-10-12 23:34:15.442497,2019-10-12 23:35:25.407265,1,40.0,0.25,0.0001,,True,True,50.0,2,0.022340562101881643,0.04849884526558892,0.6363636363636364,0.015809729790661406,0.029411764705882353,0.6111111111111112,0.01803286870320638,0.019313881452072013,0.3996542692184448,0.03965303593556382,0.6274509803921569,clf_images/saved_models/clf_enemy/12_Oct_2019__23_35_07,85,
86,86,TrialState.COMPLETE,0.012285012285012283,2019-10-12 23:35:25.964631,2019-10-12 23:36:31.434893,2,40.0,0.25,0.001,,True,False,50.0,3,0.018365816669306798,0.011961722488038277,0.16666666666666666,0.009384242913805395,0.0,0.0,0.010541121164957682,0.014285415015371434,0.4431792199611664,0.006527415143603133,0.10416666666666667,clf_images/saved_models/clf_enemy/12_Oct_2019__23_36_14,86,
87,87,TrialState.COMPLETE,0.04192355117139334,2019-10-12 23:36:32.010174,2019-10-12 23:37:40.558430,1,40.0,0.25,0.001,,True,False,50.0,3,0.016794194474596343,0.026634382566585957,0.36666666666666664,0.011014196681142301,0.017142857142857144,0.3333333333333333,0.010509173075358072,0.0141428193399844,0.5654680728912354,0.022280471821756225,0.3541666666666667,clf_images/saved_models/clf_enemy/12_Oct_2019__23_37_18,87,
88,88,TrialState.COMPLETE,0.0,2019-10-12 23:37:41.294267,2019-10-12 23:38:36.953946,4,50.0,0.25,0.001,,True,False,50.0,3,0.024108685131566412,0.0,0.0,0.01571334387544259,0.0,0.0,0.010820309321085611,0.02000863475066873,0.2919330894947052,0.0,0.0,clf_images/saved_models/clf_enemy/12_Oct_2019__23_38_26,88,
89,89,TrialState.COMPLETE,0.011952191235059762,2019-10-12 23:38:37.526426,2019-10-12 23:39:33.883186,4,40.0,0.25,0.001,,True,False,50.0,3,0.026879366301243622,0.013333333333333334,0.1,0.015878727169529393,0.0,0.0,0.010405778884887695,0.02133058577004856,0.27769145369529724,0.006607929515418502,0.0625,clf_images/saved_models/clf_enemy/12_Oct_2019__23_39_21,89,
90,90,TrialState.COMPLETE,0.007889546351084813,2019-10-12 23:39:34.439186,2019-10-12 23:40:32.985921,4,40.0,0.25,0.001,,True,False,50.0,3,0.023789079012916985,0.007692307692307693,0.06666666666666667,0.013975028374196766,0.0,0.0,0.01060032844543457,0.019534185598744164,0.2911573350429535,0.004357298474945534,0.041666666666666664,clf_images/saved_models/clf_enemy/12_Oct_2019__23_40_19,90,
91,91,TrialState.COMPLETE,0.0030211480362537764,2019-10-12 23:40:33.548929,2019-10-12 23:41:35.382536,4,40.0,0.25,0.001,,True,False,50.0,3,0.021014185877614253,0.004081632653061225,0.03333333333333333,0.010610194791629498,0.0,0.0,0.010753870010375977,0.014761624459489866,0.2932654321193695,0.0016286644951140066,0.020833333333333332,clf_images/saved_models/clf_enemy/12_Oct_2019__23_41_19,91,
92,92,TrialState.COMPLETE,0.008602150537634409,2019-10-12 23:41:35.928851,2019-10-12 23:42:32.657670,4,40.0,0.25,0.001,,True,False,50.0,3,0.027540606533947954,0.00558659217877095,0.03333333333333333,0.013969258647927755,0.004201680672268907,0.05555555555555555,0.01056234041849772,0.019794849227298534,0.27859944105148315,0.004796163069544364,0.041666666666666664,clf_images/saved_models/clf_enemy/12_Oct_2019__23_42_19,92,
93,93,TrialState.COMPLETE,0.0,2019-10-12 23:42:33.220061,2019-10-12 23:43:28.982037,4,40.0,0.25,0.001,,True,False,50.0,3,0.021961402001394608,0.0,0.0,0.014218641877913666,0.0,0.0,0.010623772939046225,0.01794254079444498,0.2896491289138794,0.0,0.0,clf_images/saved_models/clf_enemy/12_Oct_2019__23_43_16,93,
94,94,TrialState.COMPLETE,0.15903614457831325,2019-10-12 23:43:29.469351,2019-10-12 23:45:30.254246,4,40.0,0.5,0.001,,True,False,50.0,3,0.03457244261332359,0.0683453237410072,0.5757575757575758,0.06373110029953617,0.16279069767441862,0.7777777777777778,0.02463555335998535,0.04146157602270348,0.22736845910549164,0.09065934065934066,0.6470588235294118,clf_images/saved_models/clf_enemy/12_Oct_2019__23_45_18,94,
95,95,TrialState.COMPLETE,0.0,2019-10-12 23:45:30.807470,2019-10-12 23:46:27.729271,4,50.0,0.25,0.001,,True,False,50.0,3,0.020047743154400263,0.0,0.0,0.01601290840724035,0.0,0.0,0.01056687037150065,0.018207681154321843,0.3142756223678589,0.0,0.0,clf_images/saved_models/clf_enemy/12_Oct_2019__23_46_15,95,
96,96,TrialState.COMPLETE,0.012345679012345678,2019-10-12 23:46:28.287559,2019-10-12 23:47:25.702745,4,50.0,0.25,0.001,,True,False,50.0,3,0.022719112230831746,0.011450381679389313,0.1,0.017175883879764108,0.0,0.0,0.01099721590677897,0.02049169627241187,0.2828117609024048,0.00684931506849315,0.0625,clf_images/saved_models/clf_enemy/12_Oct_2019__23_47_12,96,
97,97,TrialState.COMPLETE,0.008988764044943821,2019-10-12 23:47:26.478085,2019-10-12 23:48:26.684562,4,40.0,0.25,0.001,,True,False,50.0,3,0.02380958267197066,0.009009009009009009,0.06666666666666667,0.01757433655260364,0.0,0.0,0.01060334841410319,0.02106104848837059,0.299231618642807,0.005037783375314861,0.041666666666666664,clf_images/saved_models/clf_enemy/12_Oct_2019__23_48_14,97,
98,98,TrialState.COMPLETE,0.0,2019-10-12 23:48:27.248165,2019-10-12 23:49:27.205695,4,50.0,0.25,0.001,,True,False,50.0,3,0.021890384773194285,0.0,0.0,0.012359441779143257,0.0,0.0,0.011096556981404623,0.01651001372816548,0.30155226588249207,0.0,0.0,clf_images/saved_models/clf_enemy/12_Oct_2019__23_49_13,98,
99,99,TrialState.COMPLETE,0.008676789587852495,2019-10-12 23:49:27.991316,2019-10-12 23:50:29.764419,4,40.0,0.25,0.001,,True,False,50.0,3,0.025332452721383836,0.007936507936507936,0.06666666666666667,0.01663598259498809,0.0,0.0,0.010709206263224283,0.021942303350077016,0.2855214774608612,0.004842615012106538,0.041666666666666664,clf_images/saved_models/clf_enemy/12_Oct_2019__23_50_16,99,
100,100,TrialState.COMPLETE,0.0,2019-10-12 23:50:31.360803,2019-10-12 23:51:32.350159,4,40.0,0.25,0.001,,True,False,50.0,3,0.02533886565419024,0.0,0.0,0.02063811285151644,0.0,0.0,0.010115226109822592,0.02337591393439239,0.28599315881729126,0.0,0.0,clf_images/saved_models/clf_enemy/12_Oct_2019__23_51_19,100,
101,101,TrialState.COMPLETE,0.0,2019-10-12 23:51:33.320432,2019-10-12 23:52:38.304875,4,50.0,0.25,0.001,,True,False,50.0,3,0.02269166377065166,0.0,0.0,0.014786725979998753,0.0,0.0,0.010691563288370768,0.018568992865478612,0.3062264025211334,0.0,0.0,clf_images/saved_models/clf_enemy/12_Oct_2019__23_52_24,101,
102,102,TrialState.COMPLETE,0.011342155009451797,2019-10-12 23:52:38.879235,2019-10-12 23:53:41.356731,4,50.0,0.25,0.001,,True,False,50.0,3,0.022384806071097958,0.004629629629629629,0.03333333333333333,0.014888752463036824,0.007547169811320755,0.1111111111111111,0.010558605194091797,0.018254963646698374,0.28457242250442505,0.006237006237006237,0.0625,clf_images/saved_models/clf_enemy/12_Oct_2019__23_53_27,102,
103,103,TrialState.COMPLETE,0.0042194092827004225,2019-10-12 23:53:41.910742,2019-10-12 23:54:45.305814,4,50.0,0.25,0.001,,True,False,50.0,3,0.028495408610005768,0.005154639175257732,0.03333333333333333,0.014990156468310664,0.0,0.0,0.01047817866007487,0.021140435612650686,0.28627046942710876,0.002347417840375587,0.020833333333333332,clf_images/saved_models/clf_enemy/12_Oct_2019__23_54_31,103,
104,104,TrialState.COMPLETE,0.008456659619450316,2019-10-12 23:54:45.792168,2019-10-12 23:55:46.147541,4,40.0,0.25,0.001,,True,False,50.0,3,0.025735982185866195,0.0047169811320754715,0.03333333333333333,0.016692169456089687,0.004694835680751174,0.05555555555555555,0.010703404744466146,0.021203436041295848,0.2955656945705414,0.004705882352941176,0.041666666666666664,clf_images/saved_models/clf_enemy/12_Oct_2019__23_55_33,104,
105,105,TrialState.COMPLETE,0.015037593984962407,2019-10-12 23:55:46.690020,2019-10-12 23:56:51.435399,4,50.0,0.25,0.001,,True,False,50.0,3,0.026068068538794988,0.017699115044247787,0.13333333333333333,0.013123893873432562,0.0,0.0,0.010567506154378256,0.01916807460560593,0.24780115485191345,0.008264462809917356,0.08333333333333333,clf_images/saved_models/clf_enemy/12_Oct_2019__23_56_38,105,
106,106,TrialState.COMPLETE,0.04839857651245552,2019-10-12 23:56:52.223995,2019-10-12 23:59:24.369082,1,50.0,0.25,0.001,,False,False,50.0,3,0.015809202774074473,0.029154518950437316,0.6060606060606061,0.009647052071991902,0.020958083832335328,0.7777777777777778,0.09601060549418132,0.012769087065809214,0.3698982894420624,0.025110782865583457,0.6666666666666666,clf_images/saved_models/clf_enemy/12_Oct_2019__23_59_07,106,
107,107,TrialState.COMPLETE,0.018499486125385406,2019-10-12 23:59:24.957513,2019-10-13 00:00:33.935137,1,50.0,0.25,0.001,,True,False,50.0,3,0.015619295993337478,0.014925373134328358,0.2,0.00863557913867877,0.0057361376673040155,0.16666666666666666,0.010836362838745117,0.011670664733892609,0.6240094304084778,0.00972972972972973,0.1875,clf_images/saved_models/clf_enemy/13_Oct_2019__00_00_14,107,
108,108,TrialState.COMPLETE,0.0042194092827004225,2019-10-13 00:00:34.506272,2019-10-13 00:01:36.577871,4,50.0,0.25,0.001,,True,False,50.0,3,0.02393276922173077,0.0,0.0,0.014346458686994103,0.004464285714285714,0.05555555555555555,0.011031389236450195,0.018892080114263604,0.25020328164100647,0.002347417840375587,0.020833333333333332,clf_images/saved_models/clf_enemy/13_Oct_2019__00_01_20,108,
109,109,TrialState.COMPLETE,0.0,2019-10-13 00:01:37.327756,2019-10-13 00:02:35.343871,4,50.0,0.25,0.001,,True,False,50.0,3,0.02337028023923793,0.0,0.0,0.016502575893700966,0.0,0.0,0.010904709498087565,0.01992727112734206,0.2871778905391693,0.0,0.0,clf_images/saved_models/clf_enemy/13_Oct_2019__00_02_23,109,
110,110,TrialState.COMPLETE,0.0,2019-10-13 00:02:35.916409,2019-10-13 00:03:31.778081,4,40.0,0.25,0.001,,True,False,50.0,3,0.023812994181706532,0.0,0.0,0.01575298050464314,0.0,0.0,0.010683616002400717,0.019266828831835805,0.31099051237106323,0.0,0.0,clf_images/saved_models/clf_enemy/13_Oct_2019__00_03_19,110,
111,111,TrialState.COMPLETE,0.004889975550122249,2019-10-13 00:03:32.339931,2019-10-13 00:04:30.358411,4,30.0,0.25,0.001,,True,False,50.0,3,0.029528582166860204,0.005747126436781609,0.03333333333333333,0.015214827766508678,0.0,0.0,0.018653472264607746,0.02211397808689972,0.2614178955554962,0.002770083102493075,0.020833333333333332,clf_images/saved_models/clf_enemy/13_Oct_2019__00_04_16,111,
112,112,TrialState.COMPLETE,0.005128205128205128,2019-10-13 00:04:30.905234,2019-10-13 00:05:32.139958,4,50.0,0.25,0.001,,True,False,50.0,3,0.026635719095242066,0.005076142131979695,0.03333333333333333,0.016449113497108148,0.0,0.0,0.010747353235880533,0.02231683660480517,0.2824419140815735,0.0029239766081871343,0.020833333333333332,clf_images/saved_models/clf_enemy/13_Oct_2019__00_05_19,112,
113,113,TrialState.COMPLETE,0.0043859649122807015,2019-10-13 00:05:32.928957,2019-10-13 00:06:34.310340,4,40.0,0.25,0.001,,True,False,50.0,3,0.025807346733664954,0.004694835680751174,0.03333333333333333,0.014403937259908729,0.0,0.0,0.01064316431681315,0.02035718779400205,0.3089013993740082,0.0024509803921568627,0.020833333333333332,clf_images/saved_models/clf_enemy/13_Oct_2019__00_06_20,113,
114,114,TrialState.COMPLETE,0.0,2019-10-13 00:06:34.892370,2019-10-13 00:07:33.014030,4,40.0,0.25,0.001,,True,False,50.0,3,0.02562456882965012,0.0,0.0,0.015082173509676241,0.0,0.0,0.01068568229675293,0.019381280172626632,0.31181228160858154,0.0,0.0,clf_images/saved_models/clf_enemy/13_Oct_2019__00_07_21,114,
115,115,TrialState.COMPLETE,0.0,2019-10-13 00:07:33.568472,2019-10-13 00:08:34.500653,4,40.0,0.25,0.0001,,True,False,50.0,3,0.01927264903714873,0.0,0.0,0.013393739146519522,0.0,0.0,0.010712146759033203,0.016436653168584326,0.3103915750980377,0.0,0.0,clf_images/saved_models/clf_enemy/13_Oct_2019__00_08_21,115,
116,116,TrialState.COMPLETE,0.003669724770642202,2019-10-13 00:08:35.045810,2019-10-13 00:09:36.935851,4,40.0,0.25,0.0001,,True,False,50.0,3,0.018971258878533633,0.0,0.0,0.011936314735553101,0.0038461538461538464,0.05555555555555555,0.010701258977254232,0.015291006409368767,0.3068583607673645,0.002012072434607646,0.020833333333333332,clf_images/saved_models/clf_enemy/13_Oct_2019__00_09_23,116,
117,117,TrialState.COMPLETE,0.06066536203522505,2019-10-13 00:09:37.670931,2019-10-13 00:12:59.927645,1,50.0,0.5,0.001,,True,True,50.0,3,0.020070971096473343,0.03766478342749529,0.6060606060606061,0.01294455986910043,0.025,0.6111111111111112,0.07327890396118164,0.01684170133329715,0.4277493357658386,0.03192584963954686,0.6078431372549019,clf_images/saved_models/clf_enemy/13_Oct_2019__00_12_41,117,
118,118,TrialState.COMPLETE,0.007604562737642585,2019-10-13 00:13:00.553315,2019-10-13 00:14:01.685226,4,50.0,0.25,0.001,,True,False,50.0,3,0.029149697935745872,0.005405405405405406,0.03333333333333333,0.01341119933754817,0.0034129692832764505,0.05555555555555555,0.010720968246459961,0.01950245925526067,0.26854386925697327,0.0041841004184100415,0.041666666666666664,clf_images/saved_models/clf_enemy/13_Oct_2019__00_13_48,118,
119,119,TrialState.COMPLETE,0.005249343832020998,2019-10-13 00:14:02.498016,2019-10-13 00:15:06.707799,4,50.0,0.25,0.001,,True,False,50.0,3,0.02719957400969366,0.0,0.0,0.018732282291694522,0.006097560975609756,0.05555555555555555,0.01052252451578776,0.023029496406835222,0.27013394236564636,0.003003003003003003,0.020833333333333332,clf_images/saved_models/clf_enemy/13_Oct_2019__00_14_54,119,
120,120,TrialState.COMPLETE,0.0,2019-10-13 00:15:07.244733,2019-10-13 00:16:07.486464,4,40.0,0.25,0.001,,True,False,50.0,3,0.02993137199962214,0.0,0.0,0.01533509471031402,0.0,0.0,0.010383526484171549,0.021760629821368144,0.27763834595680237,0.0,0.0,clf_images/saved_models/clf_enemy/13_Oct_2019__00_15_52,120,
121,121,TrialState.COMPLETE,0.009541984732824426,2019-10-13 00:16:08.060401,2019-10-13 00:17:18.561299,1,50.0,0.25,0.001,,True,False,50.0,3,0.017258773714859597,0.004901960784313725,0.06666666666666667,0.007480199691982294,0.005067567567567568,0.16666666666666666,0.010846614837646484,0.011469857893316233,0.5583714842796326,0.005,0.10416666666666667,clf_images/saved_models/clf_enemy/13_Oct_2019__00_16_58,121,
122,122,TrialState.COMPLETE,0.01451905626134301,2019-10-13 00:17:19.131190,2019-10-13 00:18:20.276550,4,30.0,0.25,0.001,,True,False,50.0,3,0.02265507456194596,0.01568627450980392,0.13333333333333333,0.013110785407510163,0.0,0.0,0.010459820429484049,0.017949341539480596,0.2730156183242798,0.007952286282306162,0.08333333333333333,clf_images/saved_models/clf_enemy/13_Oct_2019__00_18_04,122,
123,123,TrialState.COMPLETE,0.010349288486416558,2019-10-13 00:18:20.868650,2019-10-13 00:19:27.398918,1,50.0,0.25,0.001,,True,False,50.0,3,0.019036636733118367,0.0033333333333333335,0.03333333333333333,0.010462890065151895,0.007058823529411765,0.16666666666666666,0.010290066401163736,0.014010647307069054,0.5992010235786438,0.005517241379310344,0.08333333333333333,clf_images/saved_models/clf_enemy/13_Oct_2019__00_19_09,123,
124,124,TrialState.COMPLETE,0.0,2019-10-13 00:19:27.970386,2019-10-13 00:20:28.731667,4,30.0,0.25,0.001,,True,False,50.0,3,0.029553275227367806,0.0,0.0,0.013147042543746249,0.0,0.0,0.010466178258260092,0.019177644055305768,0.2631897032260895,0.0,0.0,clf_images/saved_models/clf_enemy/13_Oct_2019__00_20_14,124,
125,125,TrialState.COMPLETE,0.0,2019-10-13 00:20:29.329662,2019-10-13 00:21:31.359865,4,40.0,0.25,0.001,,True,False,50.0,3,0.026402072190115776,0.0,0.0,0.017321422068569996,0.0,0.0,0.01069339116414388,0.021689664838409804,0.27698656916618347,0.0,0.0,clf_images/saved_models/clf_enemy/13_Oct_2019__00_21_18,125,
126,126,TrialState.COMPLETE,0.004048582995951417,2019-10-13 00:21:31.929728,2019-10-13 00:22:31.717015,4,40.0,0.25,0.0001,,True,False,30.0,3,0.01989320720154291,0.0,0.0,0.013052945924625692,0.004098360655737705,0.05555555555555555,0.01865530014038086,0.01615100148053887,0.32706204056739807,0.002242152466367713,0.020833333333333332,clf_images/saved_models/clf_enemy/13_Oct_2019__00_22_19,126,
127,127,TrialState.COMPLETE,0.029776674937965264,2019-10-13 00:22:32.274337,2019-10-13 00:23:40.472864,1,40.0,0.25,0.0001,,True,False,50.0,3,0.022759279909268272,0.026058631921824105,0.26666666666666666,0.009613646063415858,0.008869179600886918,0.2222222222222222,0.010678370793660482,0.014937801196234711,0.5473120212554932,0.0158311345646438,0.25,clf_images/saved_models/clf_enemy/13_Oct_2019__00_23_20,127,
128,128,TrialState.COMPLETE,0.004454342984409799,2019-10-13 00:23:41.269721,2019-10-13 00:24:47.798921,4,40.0,0.25,0.0001,,True,False,50.0,3,0.027604018238059923,0.005555555555555556,0.03333333333333333,0.013216323899665938,0.0,0.0,0.01041563351949056,0.019674640560291667,0.30764642357826233,0.0024937655860349127,0.020833333333333332,clf_images/saved_models/clf_enemy/13_Oct_2019__00_24_33,128,
129,129,TrialState.COMPLETE,0.0035714285714285713,2019-10-13 00:24:48.361565,2019-10-13 00:25:49.528891,4,40.0,0.25,0.0001,,True,False,50.0,3,0.02061696704931605,0.004098360655737705,0.03333333333333333,0.011429067462075039,0.0,0.0,0.01067678133646647,0.015807675859119585,0.3044328987598419,0.001953125,0.020833333333333332,clf_images/saved_models/clf_enemy/13_Oct_2019__00_25_36,129,
130,130,TrialState.COMPLETE,0.037383177570093455,2019-10-13 00:25:50.310521,2019-10-13 00:27:04.553896,1,50.0,0.25,0.0001,,True,False,50.0,3,0.025119585772198295,0.03508771929824561,0.3333333333333333,0.00959904205379814,0.009615384615384616,0.2222222222222222,0.010527531305948893,0.015909106190380228,0.6053154468536377,0.019971469329529243,0.2916666666666667,clf_images/saved_models/clf_enemy/13_Oct_2019__00_26_43,130,
131,131,TrialState.COMPLETE,0.0,2019-10-13 00:27:05.104193,2019-10-13 00:28:04.881329,4,40.0,0.25,0.001,,True,False,40.0,3,0.020553438055857392,0.0,0.0,0.013078867333614455,0.0,0.0,0.019937833150227863,0.016753164739211405,0.3071243166923523,0.0,0.0,clf_images/saved_models/clf_enemy/13_Oct_2019__00_27_52,131,
132,132,TrialState.COMPLETE,0.014018691588785048,2019-10-13 00:28:05.862176,2019-10-13 00:29:05.637361,4,50.0,0.25,0.001,,True,False,30.0,3,0.025024784536457696,0.013761467889908258,0.1,0.016131475236425972,0.0,0.0,0.016017834345499676,0.021233426361181015,0.32310089468955994,0.007894736842105263,0.0625,clf_images/saved_models/clf_enemy/13_Oct_2019__00_28_53,132,
133,133,TrialState.COMPLETE,0.004184100418410042,2019-10-13 00:29:06.184566,2019-10-13 00:30:04.132454,4,40.0,0.25,0.001,,True,False,30.0,3,0.025422248906929158,0.00425531914893617,0.03333333333333333,0.01501339131367563,0.0,0.0,0.009528716405232748,0.020701953021616513,0.2896796464920044,0.002325581395348837,0.020833333333333332,clf_images/saved_models/clf_enemy/13_Oct_2019__00_29_49,133,
134,134,TrialState.COMPLETE,0.0,2019-10-13 00:30:04.699346,2019-10-13 00:31:07.889782,4,40.0,0.25,0.001,,True,False,50.0,3,0.019949582838844734,0.0,0.0,0.012511383599878067,0.0,0.0,0.010310967763264975,0.01616146899961841,0.2888363003730774,0.0,0.0,clf_images/saved_models/clf_enemy/13_Oct_2019__00_30_53,134,
135,135,TrialState.COMPLETE,0.017204301075268817,2019-10-13 00:31:08.687161,2019-10-13 00:32:08.848665,4,30.0,0.25,0.001,,True,False,50.0,3,0.03078031130769305,0.01904761904761905,0.13333333333333333,0.013160591811966747,0.0,0.0,0.010402997334798178,0.022033831845785747,0.27634507417678833,0.009592326139088728,0.08333333333333333,clf_images/saved_models/clf_enemy/13_Oct_2019__00_31_56,135,
136,136,TrialState.COMPLETE,0.04744525547445255,2019-10-13 00:32:09.447876,2019-10-13 00:34:41.491641,1,50.0,0.25,0.001,,False,False,50.0,3,0.013785835676636644,0.028950542822677925,0.7272727272727273,0.008889755890767988,0.01963350785340314,0.8333333333333334,0.024364948272705078,0.011437684417123992,0.35367080569267273,0.02448210922787194,0.7647058823529411,clf_images/saved_models/clf_enemy/13_Oct_2019__00_34_25,136,
137,137,TrialState.COMPLETE,0.0038387715930902114,2019-10-13 00:34:42.070636,2019-10-13 00:35:42.071638,4,40.0,0.25,0.001,,True,False,50.0,3,0.021667959549786012,0.0,0.0,0.014058954491282876,0.0038910505836575876,0.05555555555555555,0.010616699854532877,0.017533679845694455,0.2990598678588867,0.0021141649048625794,0.020833333333333332,clf_images/saved_models/clf_enemy/13_Oct_2019__00_35_29,137,
138,138,TrialState.COMPLETE,0.0,2019-10-13 00:35:42.604455,2019-10-13 00:36:44.415067,4,50.0,0.25,0.001,,True,False,50.0,3,0.020801902364865704,0.0,0.0,0.014225646973434442,0.0,0.0,0.010924418767293295,0.01728471408810022,0.29355040192604065,0.0,0.0,clf_images/saved_models/clf_enemy/13_Oct_2019__00_36_32,138,
139,139,TrialState.COMPLETE,0.013100436681222707,2019-10-13 00:36:45.064562,2019-10-13 00:37:39.379960,4,40.0,0.25,0.001,,True,False,30.0,3,0.02922583915589219,0.01507537688442211,0.1,0.01822832714671596,0.0,0.0,0.009709835052490234,0.02356614395116979,0.29219821095466614,0.007317073170731708,0.0625,clf_images/saved_models/clf_enemy/13_Oct_2019__00_37_26,139,
140,140,TrialState.COMPLETE,0.005376344086021505,2019-10-13 00:37:39.988281,2019-10-13 00:38:37.143790,4,50.0,0.25,0.001,,True,False,50.0,3,0.028245684377496496,0.005681818181818182,0.03333333333333333,0.014232260961835169,0.0,0.0,0.010884682337443033,0.021844490965404285,0.2772398293018341,0.0030864197530864196,0.020833333333333332,clf_images/saved_models/clf_enemy/13_Oct_2019__00_38_25,140,
141,141,TrialState.COMPLETE,0.004555808656036447,2019-10-13 00:38:37.634921,2019-10-13 00:39:36.985425,4,50.0,0.25,0.001,,True,False,50.0,3,0.023186922696252384,0.004048582995951417,0.03333333333333333,0.014318939536416272,0.0,0.0,0.010860204696655273,0.01992096470388308,0.2771283984184265,0.0025575447570332483,0.020833333333333332,clf_images/saved_models/clf_enemy/13_Oct_2019__00_39_22,141,
142,142,TrialState.COMPLETE,0.0,2019-10-13 00:39:37.540785,2019-10-13 00:40:36.759329,4,40.0,0.25,0.001,,True,False,50.0,3,0.024396329377749753,0.0,0.0,0.012810599657033172,0.0,0.0,0.010779619216918945,0.017992402823260843,0.2956351935863495,0.0,0.0,clf_images/saved_models/clf_enemy/13_Oct_2019__00_40_23,142,
143,143,TrialState.COMPLETE,0.007407407407407408,2019-10-13 00:40:37.459802,2019-10-13 00:41:38.671740,4,40.0,0.25,0.001,,True,False,50.0,3,0.02228350003664175,0.0070921985815602835,0.06666666666666667,0.015193836088834494,0.0,0.0,0.010187228520711264,0.019257423961358166,0.2914508283138275,0.0040650406504065045,0.041666666666666664,clf_images/saved_models/clf_enemy/13_Oct_2019__00_41_25,143,
144,144,TrialState.COMPLETE,0.004140786749482401,2019-10-13 00:41:39.219736,2019-10-13 00:42:37.456281,4,40.0,0.25,0.001,,True,False,30.0,3,0.024555788749312604,0.0049261083743842365,0.03333333333333333,0.013835998167725022,0.0,0.0,0.009615262349446615,0.018838567105799228,0.31838151812553406,0.0022988505747126436,0.020833333333333332,clf_images/saved_models/clf_enemy/13_Oct_2019__00_42_23,144,
145,145,TrialState.COMPLETE,0.0,2019-10-13 00:42:38.043476,2019-10-13 00:43:36.750878,4,30.0,0.25,0.001,,True,False,50.0,3,0.023308676002154218,0.0,0.0,0.018461349850720638,0.0,0.0,0.010165929794311523,0.021182893304458484,0.29294353723526,0.0,0.0,clf_images/saved_models/clf_enemy/13_Oct_2019__00_43_23,145,
146,146,TrialState.COMPLETE,0.0,2019-10-13 00:43:37.364471,2019-10-13 00:44:35.902485,4,50.0,0.25,0.001,,True,False,30.0,3,0.023003395856936792,0.0,0.0,0.014083083624821949,0.0,0.0,0.009893178939819336,0.01879102619177145,0.3129400312900543,0.0,0.0,clf_images/saved_models/clf_enemy/13_Oct_2019__00_44_22,146,
147,147,TrialState.COMPLETE,0.00404040404040404,2019-10-13 00:44:36.921065,2019-10-13 00:45:38.315426,4,50.0,0.25,0.001,,True,False,50.0,3,0.02645954026112404,0.0,0.0,0.014853190028673531,0.00411522633744856,0.05555555555555555,0.010466575622558594,0.020150047852879136,0.28226837515830994,0.0022371364653243847,0.020833333333333332,clf_images/saved_models/clf_enemy/13_Oct_2019__00_45_24,147,
148,148,TrialState.COMPLETE,0.0,2019-10-13 00:45:39.052596,2019-10-13 00:46:38.441653,4,40.0,0.25,0.001,,True,False,50.0,3,0.022074617087194947,0.0,0.0,0.015469587452693112,0.0,0.0,0.010323365529378256,0.018672574426136467,0.3014056086540222,0.0,0.0,clf_images/saved_models/clf_enemy/13_Oct_2019__00_46_25,148,
149,149,TrialState.COMPLETE,0.004464285714285714,2019-10-13 00:46:39.102548,2019-10-13 00:47:37.394864,4,40.0,0.25,0.001,,True,False,40.0,3,0.024335680736182436,0.00510204081632653,0.03333333333333333,0.015617088684078174,0.0,0.0,0.01006937026977539,0.01988919878960926,0.30246052145957947,0.0025,0.020833333333333332,clf_images/saved_models/clf_enemy/13_Oct_2019__00_47_25,149,
150,150,TrialState.COMPLETE,0.0,2019-10-13 00:47:37.995655,2019-10-13 00:48:28.710322,4,30.0,0.25,0.001,,True,False,30.0,3,0.025686063759680886,0.0,0.0,0.017213284214239146,0.0,0.0,0.013938188552856445,0.021628316929183187,0.2773279547691345,0.0,0.0,clf_images/saved_models/clf_enemy/13_Oct_2019__00_48_17,150,
151,151,TrialState.COMPLETE,0.012631578947368423,2019-10-13 00:48:29.292490,2019-10-13 00:49:27.274225,4,50.0,0.25,0.001,,True,False,40.0,3,0.02786902695557018,0.014084507042253521,0.1,0.014104764399757651,0.0,0.0,0.01930348078409831,0.020970778274202777,0.2822084426879883,0.00702576112412178,0.0625,clf_images/saved_models/clf_enemy/13_Oct_2019__00_49_14,151,
152,152,TrialState.COMPLETE,0.002976190476190476,2019-10-13 00:49:27.912531,2019-10-13 00:50:26.735406,4,30.0,0.25,0.001,,True,False,40.0,3,0.01961930244248258,0.003257328990228013,0.03333333333333333,0.010761283138270034,0.0,0.0,0.017201821009318035,0.01511931507159255,0.26603609323501587,0.0016025641025641025,0.020833333333333332,clf_images/saved_models/clf_enemy/13_Oct_2019__00_50_11,152,
153,153,TrialState.COMPLETE,0.0,2019-10-13 00:50:27.335956,2019-10-13 00:51:29.435417,4,50.0,0.25,0.001,,True,False,50.0,3,0.027021667039465982,0.0,0.0,0.014095032034382511,0.0,0.0,0.010878801345825195,0.02032116357352822,0.26284176111221313,0.0,0.0,clf_images/saved_models/clf_enemy/13_Oct_2019__00_51_17,153,
154,154,TrialState.COMPLETE,0.003067484662576687,2019-10-13 00:51:30.068265,2019-10-13 00:52:31.219000,4,40.0,0.25,0.001,,True,True,30.0,3,0.023098322629564245,0.003952569169960474,0.03225806451612903,0.011735349560970693,0.0,0.0,0.019896825154622395,0.016502898792072136,0.28130200505256653,0.001658374792703151,0.02040816326530612,clf_images/saved_models/clf_enemy/13_Oct_2019__00_52_16,154,
155,155,TrialState.COMPLETE,0.01001669449081803,2019-10-13 00:52:31.783615,2019-10-13 00:53:29.255071,4,40.0,0.25,0.001,,True,False,30.0,3,0.02719293476085193,0.008849557522123894,0.06666666666666667,0.012239970541233816,0.003076923076923077,0.05555555555555555,0.009870449701944986,0.018373128279226,0.30328428745269775,0.0054446460980036296,0.0625,clf_images/saved_models/clf_enemy/13_Oct_2019__00_53_13,155,
156,156,TrialState.COMPLETE,0.0,2019-10-13 00:53:29.871693,2019-10-13 00:54:31.425486,4,30.0,0.25,0.001,,True,False,50.0,3,0.02537794731560961,0.0,0.0,0.014466848430797782,0.0,0.0,0.010125080744425455,0.01916276440653958,0.3177323341369629,0.0,0.0,clf_images/saved_models/clf_enemy/13_Oct_2019__00_54_18,156,
157,157,TrialState.COMPLETE,0.0037664783427495295,2019-10-13 00:54:31.961254,2019-10-13 00:55:28.752316,4,40.0,0.25,0.001,,True,False,30.0,3,0.020497686838158134,0.004081632653061225,0.03333333333333333,0.011999426696001049,0.0,0.0,0.009612480799357096,0.016310138362312612,0.3064214289188385,0.002070393374741201,0.020833333333333332,clf_images/saved_models/clf_enemy/13_Oct_2019__00_55_15,157,
158,158,TrialState.COMPLETE,0.00823045267489712,2019-10-13 00:55:29.340982,2019-10-13 00:56:27.464109,4,40.0,0.25,0.001,,True,False,30.0,3,0.024943917835728163,0.0091324200913242,0.06666666666666667,0.01330230547697233,0.0,0.0,0.00960977872212728,0.019123111656350247,0.3104338049888611,0.0045662100456621,0.041666666666666664,clf_images/saved_models/clf_enemy/13_Oct_2019__00_56_14,158,
159,159,TrialState.COMPLETE,0.008368200836820085,2019-10-13 00:56:28.165833,2019-10-13 00:57:22.100820,4,40.0,0.25,0.001,,True,False,30.0,3,0.02733588680849923,0.010416666666666666,0.06666666666666667,0.013094206601338245,0.0,0.0,0.009520769119262695,0.019453282414768267,0.2687062919139862,0.004651162790697674,0.041666666666666664,clf_images/saved_models/clf_enemy/13_Oct_2019__00_57_09,159,
160,160,TrialState.COMPLETE,0.007168458781362007,2019-10-13 00:57:22.873326,2019-10-13 00:58:26.664387,4,50.0,0.25,0.001,,True,False,50.0,3,0.021198321502153693,0.007326007326007326,0.06666666666666667,0.011986777479791435,0.0,0.0,0.01059397061665853,0.016917662809408877,0.2957378327846527,0.00392156862745098,0.041666666666666664,clf_images/saved_models/clf_enemy/13_Oct_2019__00_58_12,160,
161,161,TrialState.COMPLETE,0.01408450704225352,2019-10-13 00:58:27.234920,2019-10-13 00:59:29.445243,4,50.0,0.25,0.001,,True,False,40.0,3,0.0168778441713732,0.008287292817679558,0.1,0.012941907860255526,0.006666666666666667,0.1111111111111111,0.010208447774251303,0.015094187232800232,0.3289759159088135,0.0075528700906344415,0.10416666666666667,clf_images/saved_models/clf_enemy/13_Oct_2019__00_59_14,161,
162,162,TrialState.COMPLETE,0.0078125,2019-10-13 00:59:30.033567,2019-10-13 01:00:28.842846,4,50.0,0.25,0.001,,True,False,30.0,3,0.028320704688665335,0.009345794392523364,0.06666666666666667,0.014160566078200628,0.0,0.0,0.009793837865193685,0.020691319661475298,0.28577160835266113,0.004310344827586207,0.041666666666666664,clf_images/saved_models/clf_enemy/13_Oct_2019__01_00_15,162,
163,163,TrialState.COMPLETE,0.010526315789473686,2019-10-13 01:00:29.452376,2019-10-13 01:01:31.353107,4,50.0,0.25,0.001,,True,False,50.0,3,0.023409390786966154,0.011673151750972763,0.1,0.013273621559123221,0.0,0.0,0.010898192723592123,0.018263837443329416,0.2835654616355896,0.005747126436781609,0.0625,clf_images/saved_models/clf_enemy/13_Oct_2019__01_01_17,163,
164,164,TrialState.COMPLETE,0.0,2019-10-13 01:01:31.924228,2019-10-13 01:02:34.314030,4,50.0,0.25,0.0001,,True,False,50.0,3,0.023142421483004525,0.0,0.0,0.010853980297220343,0.0,0.0,0.01090860366821289,0.01586038226179908,0.30887919664382935,0.0,0.0,clf_images/saved_models/clf_enemy/13_Oct_2019__01_02_22,164,
165,165,TrialState.COMPLETE,0.11655011655011654,2019-10-13 01:02:34.971332,2019-10-13 01:04:44.502344,4,50.0,0.5,0.0001,,True,False,50.0,3,0.03556637890003676,0.06015037593984962,0.48484848484848486,0.047008399594197184,0.08035714285714286,0.5,0.027102867762247723,0.038956607253862074,0.25460147857666016,0.06613756613756613,0.49019607843137253,clf_images/saved_models/clf_enemy/13_Oct_2019__01_04_31,165,
166,166,TrialState.COMPLETE,0.004504504504504505,2019-10-13 01:04:45.114891,2019-10-13 01:05:47.762319,4,50.0,0.25,0.001,,True,False,40.0,3,0.0245603277509314,0.0,0.0,0.015451433131071182,0.004329004329004329,0.05555555555555555,0.0103761355082194,0.01924680588934627,0.3071998953819275,0.0025252525252525255,0.020833333333333332,clf_images/saved_models/clf_enemy/13_Oct_2019__01_05_34,166,
167,167,TrialState.COMPLETE,0.007604562737642585,2019-10-13 01:05:48.529126,2019-10-13 01:06:54.669645,4,40.0,0.25,0.001,,True,False,50.0,3,0.03007959581087073,0.005405405405405406,0.03333333333333333,0.012531942104052746,0.0034129692832764505,0.05555555555555555,0.010503609975179037,0.019323398036607823,0.2755063474178314,0.0041841004184100415,0.041666666666666664,clf_images/saved_models/clf_enemy/13_Oct_2019__01_06_39,167,
